feature,mean_abs_shap
numeric__purchase_month_cos,0.87960476
numeric__promised_delivery_days,0.6083018
categorical__customer_state_SP,0.16369912
numeric__min_distance_km,0.15507957
numeric__same_state_seller_share,0.12954219
numeric__purchase_month,0.11607357
numeric__approval_lag_hours,0.09481391
numeric__mean_distance_km,0.0838277
categorical__customer_state_MG,0.07884101
numeric__purchase_year,0.06991995
numeric__total_freight,0.068837695
categorical__customer_state_RJ,0.06320773
categorical__customer_state_PR,0.049246203
numeric__mean_product_volume_cm3,0.038635243
numeric__item_count,0.037733458
categorical__customer_state_BA,0.03770032
numeric__purchase_month_sin,0.037606217
numeric__seller_count,0.032189067
numeric__mean_item_price,0.03195282
numeric__mean_product_photos,0.030192386
numeric__mean_product_weight_g,0.02877157
numeric__max_distance_km,0.026527101
numeric__max_installments,0.025993286
numeric__freight_ratio,0.022865236
numeric__purchase_weekday,0.020668589
numeric__all_sellers_same_state,0.019174635
numeric__purchase_hour,0.014647579
numeric__total_product_volume_cm3,0.013023662
numeric__order_total_value,0.013002666
categorical__customer_state_DF,0.012679237
categorical__customer_state_ES,0.011373044
numeric__total_product_weight_g,0.010074684
categorical__dominant_product_category_bed_bath_table,0.008274671
numeric__purchase_hour_cos,0.007712775
numeric__max_item_price,0.00765511
numeric__total_price,0.007630397
categorical__dominant_product_category_furniture_decor,0.007529639
categorical__customer_state_AL,0.0067506586
categorical__dominant_product_category_health_beauty,0.006572342
categorical__customer_state_PI,0.006386704
numeric__purchase_hour_sin,0.006352957
categorical__dominant_product_category_cool_stuff,0.0061249477
categorical__dominant_product_category_housewares,0.0054852758
categorical__customer_state_SC,0.005333782
categorical__dominant_product_category_luggage_accessories,0.004589519
numeric__payment_value,0.004545541
categorical__customer_state_PA,0.004235163
categorical__dominant_product_category_pet_shop,0.003607967
numeric__unique_products,0.0034782712
categorical__customer_state_PE,0.0034543064
numeric__purchase_weekday_sin,0.0031939214
categorical__dominant_product_category_office_furniture,0.0022159424
categorical__dominant_product_category_perfumery,0.0018958389
numeric__purchase_weekday_cos,0.001732136
categorical__customer_state_RS,0.0016624362
categorical__customer_state_RO,0.0016408328
categorical__dominant_product_category_computers_accessories,0.0015807963
categorical__dominant_product_category_fashion_bags_accessories,0.0015112739
categorical__dominant_product_category_baby,0.0014974839
categorical__primary_payment_type_credit_card,0.0014828646
categorical__dominant_product_category_telephony,0.0014190436
categorical__primary_payment_type_boleto,0.0013918687
categorical__dominant_product_category_toys,0.0013708484
categorical__customer_state_CE,0.001365063
categorical__dominant_product_category_watches_gifts,0.0013588641
categorical__dominant_product_category_agro_industry_and_commerce,0.0010754628
categorical__dominant_product_category_garden_tools,0.0009810887
categorical__customer_state_MA,0.0008826846
numeric__missingindicator_mean_distance_km,0.00087411446
categorical__dominant_product_category_auto,0.0008525171
categorical__customer_state_SE,0.0007498704
categorical__customer_state_PB,0.0006713032
categorical__dominant_product_category_unknown,0.00066782825
categorical__dominant_product_category_sports_leisure,0.0006095949
categorical__customer_state_MT,0.0005982546
categorical__dominant_product_category_construction_tools_safety,0.00055922585
categorical__primary_payment_type_debit_card,0.00048545303
categorical__dominant_product_category_air_conditioning,0.00047585188
categorical__dominant_product_category_consoles_games,0.00044732733
categorical__customer_state_GO,0.0004386329
numeric__payment_type_count,0.00041289043
categorical__dominant_product_category_books_general_interest,0.0003721279
categorical__dominant_product_category_stationery,0.0003471962
categorical__dominant_product_category_kitchen_dining_laundry_garden_furniture,0.0003300711
categorical__dominant_product_category_food_drink,0.00032791874
numeric__missingindicator_mean_product_photos,0.0002875989
categorical__dominant_product_category_food,0.0002862733
categorical__dominant_product_category_musical_instruments,0.0002481448
categorical__dominant_product_category_audio,0.00024383617
categorical__dominant_product_category_market_place,0.00020426948
categorical__dominant_product_category_computers,0.00018718326
categorical__dominant_product_category_home_appliances,0.0001868819
categorical__customer_state_MS,0.00018380285
numeric__payment_records,0.00017679103
numeric__missingindicator_max_distance_km,0.00016865908
categorical__dominant_product_category_industry_commerce_and_business,0.00011328387
numeric__missingindicator_min_distance_km,0.00010832284
numeric__purchase_is_weekend,9.821644e-05
categorical__customer_state_RR,8.7607885e-05
categorical__dominant_product_category_small_appliances,7.812214e-05
categorical__dominant_product_category_books_technical,7.407273e-05
categorical__primary_payment_type_voucher,6.868761e-05
categorical__dominant_product_category_electronics,5.9857237e-05
categorical__dominant_product_category_construction_tools_construction,5.9098227e-05
categorical__dominant_product_category_costruction_tools_garden,5.42936e-05
categorical__dominant_product_category_costruction_tools_tools,2.5725793e-05
categorical__dominant_product_category_home_confort,2.4878987e-05
categorical__dominant_product_category_fashion_shoes,1.9823648e-05
categorical__customer_state_RN,1.5821874e-05
numeric__missingindicator_payment_value,0.0
numeric__missingindicator_payment_records,0.0
numeric__missingindicator_mean_product_volume_cm3,0.0
numeric__missingindicator_max_installments,0.0
numeric__missingindicator_payment_type_count,0.0
categorical__customer_state_AP,0.0
categorical__customer_state_AM,0.0
categorical__customer_state_AC,0.0
numeric__category_count,0.0
numeric__seller_state_count,0.0
categorical__dominant_product_category_art,0.0
categorical__dominant_product_category_arts_and_craftmanship,0.0
categorical__customer_state_TO,0.0
numeric__missingindicator_mean_product_weight_g,0.0
categorical__dominant_product_category_fashion_sport,0.0
categorical__dominant_product_category_dvds_blu_ray,0.0
categorical__dominant_product_category_fashion_childrens_clothes,0.0
categorical__dominant_product_category_fashion_male_clothing,0.0
categorical__dominant_product_category_drinks,0.0
categorical__dominant_product_category_fashio_female_clothing,0.0
categorical__dominant_product_category_books_imported,0.0
categorical__dominant_product_category_cds_dvds_musicals,0.0
categorical__dominant_product_category_christmas_supplies,0.0
categorical__dominant_product_category_cine_photo,0.0
categorical__dominant_product_category_construction_tools_lights,0.0
categorical__dominant_product_category_diapers_and_hygiene,0.0
categorical__dominant_product_category_furniture_bedroom,0.0
categorical__dominant_product_category_fashion_underwear_beach,0.0
categorical__dominant_product_category_fixed_telephony,0.0
categorical__dominant_product_category_flowers,0.0
categorical__dominant_product_category_furniture_living_room,0.0
categorical__dominant_product_category_furniture_mattress_and_upholstery,0.0
categorical__dominant_product_category_home_appliances_2,0.0
categorical__dominant_product_category_home_comfort_2,0.0
categorical__dominant_product_category_music,0.0
categorical__dominant_product_category_la_cuisine,0.0
categorical__dominant_product_category_home_construction,0.0
categorical__dominant_product_category_party_supplies,0.0
categorical__dominant_product_category_signaling_and_security,0.0
categorical__dominant_product_category_security_and_services,0.0
categorical__dominant_product_category_tablets_printing_image,0.0
categorical__dominant_product_category_small_appliances_home_oven_and_coffee,0.0
