config_id,model_family,fold,fit_seconds,train_rows,validation_rows,train_late_rate,validation_late_rate,pr_auc,roc_auc,precision,recall,f1,accuracy,positive_rate,threshold
logistic_regression_01,logistic_regression,1,1.3332786789978854,40991,10248,0.06681954575394598,0.0625487900078064,0.08589757485837798,0.6076013541218239,0.25,0.0015600624024961,0.0031007751937984496,0.937256049960968,0.00039032006245121,0.5
logistic_regression_01,logistic_regression,2,1.528039575998264,51239,10248,0.06596537793477625,0.20735753317720532,0.3735794431072451,0.6881202105857732,1.0,0.002352941176470588,0.004694835680751174,0.7931303669008587,0.0004879000780640125,0.5
logistic_regression_01,logistic_regression,3,2.2181656519969692,61487,10248,0.08953112039943403,0.07542935206869633,0.22294943974855835,0.750163260708544,0.3451086956521739,0.16429495472186287,0.22261174408413673,0.9134465261514442,0.03590944574551132,0.5
logistic_regression_01,logistic_regression,4,2.6197969889981323,71735,10247,0.08751655398341117,0.05787059627207963,0.19179471883987823,0.7983980986657752,0.0,0.0,0.0,0.9421294037279203,0.0,0.5
logistic_regression_02,logistic_regression,1,1.7750265040012891,40991,10248,0.06681954575394598,0.0625487900078064,0.08534384308085863,0.6015319367849138,0.07445008460236886,0.2745709828393136,0.11713810316139767,0.7411202185792349,0.2306791569086651,0.5
logistic_regression_02,logistic_regression,2,2.833272265001142,51239,10248,0.06596537793477625,0.20735753317720532,0.3529300754600864,0.6756561397918764,0.2772223232139611,0.7176470588235294,0.3999475478625754,0.5534738485558157,0.5367876658860266,0.5
logistic_regression_02,logistic_regression,3,2.8673122100008186,61487,10248,0.08953112039943403,0.07542935206869633,0.21418411941094875,0.7491324278843693,0.08259170827002388,0.9844760672703752,0.15239811755281865,0.17398516783762685,0.8991022638563623,0.5
logistic_regression_02,logistic_regression,4,4.083813819997886,71735,10247,0.08751655398341117,0.05787059627207963,0.18321950651120533,0.7929493703035659,0.1676706827309237,0.5632377740303541,0.2584139264990329,0.8129208548843564,0.19439836049575485,0.5
logistic_regression_03,logistic_regression,1,1.8034345999985817,40991,10248,0.06681954575394598,0.0625487900078064,0.0840372551895518,0.6033422392376074,0.16666666666666666,0.0015600624024961,0.0030911901081916537,0.9370608899297423,0.000585480093676815,0.5
logistic_regression_03,logistic_regression,2,1.849473146998207,51239,10248,0.06596537793477625,0.20735753317720532,0.3705242033550816,0.6846434887139639,0.9,0.0042352941176470585,0.008430913348946136,0.7934231069476971,0.000975800156128025,0.5
logistic_regression_03,logistic_regression,3,2.2483564959984506,61487,10248,0.08953112039943403,0.07542935206869633,0.21846232138337615,0.7485667669054876,0.32273838630806845,0.17076326002587322,0.2233502538071066,0.9104215456674473,0.039910226385636224,0.5
logistic_regression_03,logistic_regression,4,3.068781398003921,71735,10247,0.08751655398341117,0.05787059627207963,0.189597290092641,0.7955113713579217,0.0,0.0,0.0,0.9420318141895189,9.758953840148337e-05,0.5
logistic_regression_04,logistic_regression,1,4.259531386996969,40991,10248,0.06681954575394598,0.0625487900078064,0.08461135962678207,0.5994973763767871,0.07210300429184549,0.2620904836193448,0.1130932346011444,0.7428766588602654,0.22736143637782982,0.5
logistic_regression_04,logistic_regression,2,4.360884886998974,51239,10248,0.06596537793477625,0.20735753317720532,0.3480398613798431,0.6720751967905221,0.2738910926794086,0.7148235294117647,0.39603702255247036,0.547911787665886,0.5411787665886026,0.5
logistic_regression_04,logistic_regression,3,5.370732811999915,61487,10248,0.08953112039943403,0.07542935206869633,0.21009892481325548,0.7470205176692255,0.08271578029642546,0.981888745148771,0.15257814855764398,0.17730288836846214,0.8953942232630757,0.5
logistic_regression_04,logistic_regression,4,5.354499604996818,71735,10247,0.08751655398341117,0.05787059627207963,0.17949052664275866,0.7897029811581915,0.1650919940328195,0.5598650927487352,0.25499231950844853,0.8106762955011223,0.19625256172538305,0.5
logistic_regression_05,logistic_regression,1,2.225866603999748,40991,10248,0.06681954575394598,0.0625487900078064,0.08558047273633257,0.6063592476040043,0.125,0.0015600624024961,0.0030816640986132513,0.9368657298985168,0.00078064012490242,0.5
logistic_regression_05,logistic_regression,2,2.2241320210014237,51239,10248,0.06596537793477625,0.20735753317720532,0.36764845425652803,0.683284790464259,0.9090909090909091,0.004705882352941176,0.009363295880149813,0.7935206869633099,0.0010733801717408276,0.5
logistic_regression_05,logistic_regression,3,2.6848116769979242,61487,10248,0.08953112039943403,0.07542935206869633,0.21598769318737285,0.7477769168541167,0.3251231527093596,0.17076326002587322,0.22391857506361323,0.9107142857142857,0.03961748633879782,0.5
logistic_regression_05,logistic_regression,4,2.7262608960008947,71735,10247,0.08751655398341117,0.05787059627207963,0.18836691761847102,0.795260883220474,0.0,0.0,0.0,0.9420318141895189,9.758953840148337e-05,0.5
logistic_regression_06,logistic_regression,1,5.364863333998073,40991,10248,0.06681954575394598,0.0625487900078064,0.0842339948497092,0.5973709043084321,0.07096774193548387,0.2574102964118565,0.1112609575185435,0.7427790788446527,0.2268735362997658,0.5
logistic_regression_06,logistic_regression,2,7.4758778260002146,51239,10248,0.06596537793477625,0.20735753317720532,0.34669189271001843,0.6712873684744118,0.27381167540213264,0.7129411764705882,0.39566466440323844,0.5483996877439501,0.5399102263856362,0.5
logistic_regression_06,logistic_regression,3,4.5983170730032725,61487,10248,0.08953112039943403,0.07542935206869633,0.20910798780660872,0.7463236473732536,0.08259779884493844,0.9805950840879689,0.15236180904522614,0.17701014832162373,0.8954918032786885,0.5
logistic_regression_06,logistic_regression,4,6.117291720001958,71735,10247,0.08751655398341117,0.05787059627207963,0.1782443299070965,0.7887281036860186,0.16442451420029897,0.5564924114671164,0.25384615384615383,0.8106762955011223,0.1958622035717771,0.5
random_forest_01,random_forest,1,4.667263751995051,40991,10248,0.06681954575394598,0.0625487900078064,0.09372935283039639,0.6210889842900889,0.09961685823754789,0.12168486739469579,0.10955056179775281,0.8762685402029664,0.07640515222482436,0.5
random_forest_01,random_forest,2,6.185118064000562,51239,10248,0.06596537793477625,0.20735753317720532,0.3660035504133501,0.6935607968658347,0.474964234620887,0.15623529411764706,0.23512747875354106,0.7892271662763466,0.06820843091334895,0.5
random_forest_01,random_forest,3,7.923686649002775,61487,10248,0.08953112039943403,0.07542935206869633,0.22180948212323287,0.7532807449303164,0.17247210010145417,0.6597671410090556,0.2734584450402145,0.7355581576893052,0.288544106167057,0.5
random_forest_01,random_forest,4,9.8517129009997,71735,10247,0.08751655398341117,0.05787059627207963,0.14272511880458189,0.7193788732645312,0.24509803921568626,0.08431703204047218,0.12547051442910917,0.9319800917341661,0.019908265833902605,0.5
random_forest_02,random_forest,1,4.770329479004431,40991,10248,0.06681954575394598,0.0625487900078064,0.09510745369863764,0.6224023791804176,0.10551330798479087,0.1731669266770671,0.13112817483756645,0.8564597970335676,0.10265417642466823,0.5
random_forest_02,random_forest,2,6.22267411199573,51239,10248,0.06596537793477625,0.20735753317720532,0.3727771676939372,0.6950054674091722,0.44250363901018924,0.28611764705882353,0.3475278651043155,0.7772248243559718,0.13407494145199064,0.5
random_forest_02,random_forest,3,7.666817485995125,61487,10248,0.08953112039943403,0.07542935206869633,0.22772819406444073,0.7589736728027389,0.16193606214520467,0.7011642949547219,0.26310679611650484,0.7037470725995316,0.32660031225604996,0.5
random_forest_02,random_forest,4,9.506986014996073,71735,10247,0.08751655398341117,0.05787059627207963,0.14537962745276006,0.7277048963269075,0.2267080745341615,0.12310286677908938,0.15956284153005465,0.9249536449692592,0.03142383136527764,0.5
random_forest_03,random_forest,1,5.669763992998924,40991,10248,0.06681954575394598,0.0625487900078064,0.09837620677189712,0.6120168487389022,0.17,0.0530421216848674,0.08085612366230678,0.9245706479313037,0.0195160031225605,0.5
random_forest_03,random_forest,2,7.830330017997767,51239,10248,0.06596537793477625,0.20735753317720532,0.3516131743256199,0.6763325053768892,0.8,0.0018823529411764706,0.003755868544600939,0.7929352068696331,0.0004879000780640125,0.5
random_forest_03,random_forest,3,9.348001354002918,61487,10248,0.08953112039943403,0.07542935206869633,0.22582939457275436,0.760449333884021,0.23344370860927152,0.3648124191461837,0.2847046945986875,0.8617291178766588,0.11787665886026542,0.5
random_forest_03,random_forest,4,11.544453069996962,71735,10247,0.08751655398341117,0.05787059627207963,0.15342279705545836,0.7421514590322633,0.14285714285714285,0.0016863406408094434,0.0033333333333333335,0.941641456035913,0.0006831267688103836,0.5
random_forest_04,random_forest,1,5.2002199760027,40991,10248,0.06681954575394598,0.0625487900078064,0.09658552154968554,0.6153423944806236,0.12482269503546099,0.1372854914196568,0.13075780089153047,0.8858313817330211,0.06879391100702575,0.5
random_forest_04,random_forest,2,7.512659840998822,51239,10248,0.06596537793477625,0.20735753317720532,0.36636465780151484,0.6823481327530396,0.4813953488372093,0.09741176470588235,0.16203522504892368,0.7910811865729899,0.04195940671350507,0.5
random_forest_04,random_forest,3,10.588914813000883,61487,10248,0.08953112039943403,0.07542935206869633,0.2295214774789923,0.7629049005519393,0.18058529621698788,0.6545924967658473,0.28307692307692306,0.7499024199843872,0.2734192037470726,0.5
random_forest_04,random_forest,4,11.965479933998722,71735,10247,0.08751655398341117,0.05787059627207963,0.15450563350515864,0.7508429083035246,0.25,0.0775716694772344,0.11840411840411841,0.933151166194984,0.01795647506587294,0.5
hist_gradient_boosting_01,hist_gradient_boosting,1,4.745079592001275,40991,10248,0.06681954575394598,0.0625487900078064,0.10797018742126596,0.6366294435268616,0.09751121991024071,0.37285491419656785,0.15459249676584735,0.7449258391881343,0.2391686182669789,0.5
hist_gradient_boosting_01,hist_gradient_boosting,2,6.87071825699968,51239,10248,0.06596537793477625,0.20735753317720532,0.37563142199906135,0.6996623386028054,0.3338441890166028,0.6150588235294118,0.4327814569536424,0.6656908665105387,0.3820257611241218,0.5
hist_gradient_boosting_01,hist_gradient_boosting,3,6.309058644998004,61487,10248,0.08953112039943403,0.07542935206869633,0.23858336562457838,0.7552155703543403,0.09494268374915711,0.9107373868046572,0.1719589643380557,0.33840749414519905,0.7235558157689306,0.5
hist_gradient_boosting_01,hist_gradient_boosting,4,9.52118843900098,71735,10247,0.08751655398341117,0.05787059627207963,0.16167653998896972,0.759358631587148,0.18646080760095013,0.26475548060708265,0.21881533101045297,0.8906021274519371,0.08217039133404899,0.5
hist_gradient_boosting_02,hist_gradient_boosting,1,3.7996683419987676,40991,10248,0.06681954575394598,0.0625487900078064,0.1099011483859254,0.6280839325589263,0.09976580796252928,0.33229329173166927,0.15345821325648415,0.7706869633099142,0.20833333333333334,0.5
hist_gradient_boosting_02,hist_gradient_boosting,2,5.5170006480038865,51239,10248,0.06596537793477625,0.20735753317720532,0.3751620586656992,0.6962795547863365,0.3411436541143654,0.5755294117647058,0.42837127845884415,0.6814988290398126,0.349824355971897,0.5
hist_gradient_boosting_02,hist_gradient_boosting,3,4.674576678997255,61487,10248,0.08953112039943403,0.07542935206869633,0.2365930568610427,0.7549419559199501,0.096989038434855,0.9042690815006468,0.17518796992481203,0.35772833723653397,0.7032591725214676,0.5
hist_gradient_boosting_02,hist_gradient_boosting,4,6.811659374994633,71735,10247,0.08751655398341117,0.05787059627207963,0.17447201179699234,0.7578841752634405,0.22714681440443213,0.2765598650927487,0.2494296577946768,0.9036791255977359,0.07045964672587099,0.5
hist_gradient_boosting_03,hist_gradient_boosting,1,3.60805702599464,40991,10248,0.06681954575394598,0.0625487900078064,0.10628067273315492,0.6341231457106727,0.09780844155844155,0.37597503900156004,0.15523349436392914,0.7440476190476191,0.24043715846994534,0.5
hist_gradient_boosting_03,hist_gradient_boosting,2,3.845863055998052,51239,10248,0.06596537793477625,0.20735753317720532,0.37390860747779503,0.7004777139712218,0.3359979370809696,0.6131764705882353,0.4341162751957355,0.6685206869633099,0.37841530054644806,0.5
hist_gradient_boosting_03,hist_gradient_boosting,3,4.236403759001405,61487,10248,0.08953112039943403,0.07542935206869633,0.23929895159184528,0.7581739240255727,0.09945543135568931,0.8978007761966365,0.17907366791381757,0.3790983606557377,0.6809133489461359,0.5
hist_gradient_boosting_03,hist_gradient_boosting,4,7.407202481997956,71735,10247,0.08751655398341117,0.05787059627207963,0.16009736609494382,0.7562764396866838,0.1925,0.2596964586846543,0.22110552763819097,0.8941153508343905,0.07807163072118668,0.5
hist_gradient_boosting_04,hist_gradient_boosting,1,4.7669693709976855,40991,10248,0.06681954575394598,0.0625487900078064,0.10460337071113299,0.6353105274413954,0.1020979020979021,0.3416536661466459,0.15721464465183058,0.7708821233411397,0.20930913348946137,0.5
hist_gradient_boosting_04,hist_gradient_boosting,2,5.181812308997905,51239,10248,0.06596537793477625,0.20735753317720532,0.37974108713274535,0.6960869571514435,0.33790079473828444,0.5802352941176471,0.427086941461725,0.6772053083528493,0.3560694769711163,0.5
hist_gradient_boosting_04,hist_gradient_boosting,3,4.205700999998953,61487,10248,0.08953112039943403,0.07542935206869633,0.23388002552120762,0.7514732376001393,0.09508285791904374,0.9055627425614489,0.1720958819913952,0.3427985948477752,0.718384074941452,0.5
hist_gradient_boosting_04,hist_gradient_boosting,4,6.106589777999034,71735,10247,0.08751655398341117,0.05787059627207963,0.1625396095718039,0.7537726063797268,0.20192307692307693,0.28330522765598654,0.23578947368421052,0.8937249926807846,0.08119449595003415,0.5
xgboost_01,xgboost,1,1.3478765550025855,40991,10248,0.06681954575394598,0.0625487900078064,0.10682626192495248,0.6305512572329686,0.09498355263157894,0.36037441497659906,0.15034168564920272,0.7452185792349727,0.2373145979703357,0.5
xgboost_01,xgboost,2,1.489886685005331,51239,10248,0.06596537793477625,0.20735753317720532,0.36629150228940166,0.690192322454034,0.3316300459887583,0.6108235294117647,0.42987249544626593,0.664032006245121,0.38192818110850896,0.5
xgboost_01,xgboost,3,1.9645421690001967,61487,10248,0.08953112039943403,0.07542935206869633,0.2561692098277962,0.7710677994449887,0.09104552276138068,0.9417852522639069,0.1660394571786977,0.28639734582357534,0.7802498048399688,0.5
xgboost_01,xgboost,4,2.688674862998596,71735,10247,0.08751655398341117,0.05787059627207963,0.17680843456567183,0.7782867310110253,0.2,0.32040472175379425,0.24627349319507452,0.8865033668390748,0.09271006148140919,0.5
xgboost_02,xgboost,1,3.4226057690029847,40991,10248,0.06681954575394598,0.0625487900078064,0.11078755023921698,0.6429177600121596,0.10481163744871316,0.43837753510140404,0.1691751956652619,0.7306791569086651,0.2616120218579235,0.5
xgboost_02,xgboost,2,3.2333668840001337,51239,10248,0.06596537793477625,0.20735753317720532,0.35650029667135763,0.685719967267961,0.32778489116517284,0.6023529411764705,0.42454394693200664,0.6613973458235753,0.38104996096799376,0.5
xgboost_02,xgboost,3,2.4209390789983445,61487,10248,0.08953112039943403,0.07542935206869633,0.2480602707584319,0.7638641212150175,0.09235466225671034,0.9391979301423027,0.16817234190410008,0.29918032786885246,0.7670765027322405,0.5
xgboost_02,xgboost,4,2.7012886379961856,71735,10247,0.08751655398341117,0.05787059627207963,0.18234017399436458,0.7840356433789557,0.19439252336448598,0.35075885328836426,0.25015033072760073,0.8783058456133502,0.10442080608958719,0.5
xgboost_03,xgboost,1,1.6545121340022888,40991,10248,0.06681954575394598,0.0625487900078064,0.10523887403920154,0.6419659222092835,0.10752118644067797,0.3166926677067083,0.1605377619612495,0.7928376268540203,0.18423106947697113,0.5
xgboost_03,xgboost,2,1.8374853060013265,51239,10248,0.06596537793477625,0.20735753317720532,0.3738055933056219,0.6926144064421288,0.34319863403528744,0.5675294117647058,0.42773541408051075,0.6851092896174863,0.34289617486338797,0.5
xgboost_03,xgboost,3,2.357765153996297,61487,10248,0.08953112039943403,0.07542935206869633,0.2498849129828009,0.7697492209020128,0.10380881254667662,0.8990944372574385,0.18612747723620782,0.4069086651053864,0.6532982045277127,0.5
xgboost_03,xgboost,4,3.1373813730024267,71735,10247,0.08751655398341117,0.05787059627207963,0.17776178515125984,0.7748554452872071,0.22857142857142856,0.26981450252951095,0.24748646558391338,0.9050453791353567,0.06831267688103836,0.5
xgboost_04,xgboost,1,1.8122455980046652,40991,10248,0.06681954575394598,0.0625487900078064,0.10427011845121648,0.6356103770537831,0.11168831168831168,0.33541341653666146,0.16757599376461418,0.7915690866510539,0.1878415300546448,0.5
xgboost_04,xgboost,2,1.7535513740003807,51239,10248,0.06596537793477625,0.20735753317720532,0.36217037096588606,0.682181315219674,0.35794871794871796,0.49270588235294116,0.41465346534653463,0.7115534738485558,0.2854215456674473,0.5
xgboost_04,xgboost,3,2.337682338002196,61487,10248,0.08953112039943403,0.07542935206869633,0.23961537539297806,0.7586059180726841,0.10865710140254715,0.871927554980595,0.19323394495412843,0.45081967213114754,0.6052888368462139,0.5
xgboost_04,xgboost,4,2.5614375450022635,71735,10247,0.08751655398341117,0.05787059627207963,0.1803497034583726,0.7670509231553401,0.22251308900523561,0.2866779089376054,0.2505526897568165,0.9007514394456915,0.07455840733873328,0.5
xgboost_05,xgboost,1,1.9198294579982758,40991,10248,0.06681954575394598,0.0625487900078064,0.10971719444758848,0.6397942250572296,0.10322079937912301,0.41497659906396256,0.16532007458048478,0.7379000780640125,0.251463700234192,0.5
xgboost_05,xgboost,2,2.267918488003488,51239,10248,0.06596537793477625,0.20735753317720532,0.37293638592014877,0.6953520794258858,0.3319786639573279,0.6150588235294118,0.43121082151105244,0.663544106167057,0.38417252146760345,0.5
xgboost_05,xgboost,3,2.9950391169986688,61487,10248,0.08953112039943403,0.07542935206869633,0.24554504379837117,0.7648032030911331,0.08969935929029078,0.9417852522639069,0.16379795252559343,0.27468774395003903,0.7919594067135051,0.5
xgboost_05,xgboost,4,7.298744694999186,71735,10247,0.08751655398341117,0.05787059627207963,0.17728882982828417,0.777097960425669,0.18322698268003645,0.33895446880269814,0.2378698224852071,0.8743046745388894,0.10705572362642725,0.5
xgboost_06,xgboost,1,2.540708470995014,40991,10248,0.06681954575394598,0.0625487900078064,0.11212649022842547,0.6342908114159478,0.10188034188034188,0.46489859594383776,0.16713404374649468,0.7101873536299765,0.2854215456674473,0.5
xgboost_06,xgboost,2,2.8954450849996647,51239,10248,0.06596537793477625,0.20735753317720532,0.36191448339730964,0.6852337951061256,0.328422180551835,0.5769411764705883,0.4185728917719358,0.6676424668227947,0.3642661982825917,0.5
xgboost_06,xgboost,3,3.3192407809983706,61487,10248,0.08953112039943403,0.07542935206869633,0.23933675607104146,0.7569858038618684,0.0932413074619091,0.926261319534282,0.16942735447231425,0.3149882903981265,0.7493169398907104,0.5
xgboost_06,xgboost,4,2.7978914130071644,71735,10247,0.08751655398341117,0.05787059627207963,0.183233920202719,0.7803325588114356,0.19386834986474302,0.3625632377740304,0.2526439482961222,0.8758661071533131,0.10822679808724504,0.5
xgboost_07,xgboost,1,2.3492231509953854,40991,10248,0.06681954575394598,0.0625487900078064,0.1053971263076749,0.6405078395287367,0.10976253298153034,0.3244929797191888,0.1640378548895899,0.7931303669008587,0.18491412958626074,0.5
xgboost_07,xgboost,2,2.9146855840008357,51239,10248,0.06596537793477625,0.20735753317720532,0.3730761869769096,0.6915054275803636,0.34553089382123575,0.5421176470588235,0.4220553214874519,0.6921350507416081,0.3253317720530835,0.5
xgboost_07,xgboost,3,3.5449807990007685,61487,10248,0.08953112039943403,0.07542935206869633,0.2442589608012062,0.7656226810528148,0.1053279950723745,0.8848641655886158,0.188248245493326,0.42437548790007806,0.6336846213895394,0.5
xgboost_07,xgboost,4,4.21377279599983,71735,10247,0.08751655398341117,0.05787059627207963,0.18008914626343217,0.7703975774268613,0.2338935574229692,0.28161888701517707,0.25554705432287683,0.9050453791353567,0.06967893041865912,0.5
xgboost_08,xgboost,1,2.2861623169956147,40991,10248,0.06681954575394598,0.0625487900078064,0.10276365556399393,0.6232695315931718,0.1109701965757768,0.27301092043681746,0.15779981965734896,0.817720530835285,0.15388368462138954,0.5
xgboost_08,xgboost,2,3.6210987720041885,51239,10248,0.06596537793477625,0.20735753317720532,0.35169705474326524,0.6760509808749303,0.36132113012335854,0.4272941176470588,0.39154808106942646,0.7246291959406713,0.24521857923497267,0.5
xgboost_08,xgboost,3,4.186714691997622,61487,10248,0.08953112039943403,0.07542935206869633,0.22930491820340854,0.7481836520836819,0.11268334771354616,0.8447606727037517,0.19884287454323996,0.48653395784543324,0.5654761904761905,0.5
xgboost_08,xgboost,4,4.788247167998634,71735,10247,0.08751655398341117,0.05787059627207963,0.17398470764559906,0.7600861651244354,0.22142857142857142,0.26138279932546377,0.2397525135344161,0.9040694837513419,0.06831267688103836,0.5
